1000,675,6.7344754308,1,6.90775527898,6.51471269087,40.4969134626
2000,1347,8.46409615819,1,7.60090245954,7.20563517641,87.7268487978
3000,2011,9.64211248583,1,8.00636756765,7.60638738977,120.88010589
4000,2651,10.4914547904,1,8.2940496401,7.88269220629,109.288608739
5000,3304,11.2674864833,1,8.51719319142,8.10288913464,70.7106781187
6000,3985,12.0337626602,1,8.69951474821,8.29029259122,22.0907220344
7000,4605,12.5472699517,1,8.85366542804,8.43489794869,55.0272659688
8000,5292,13.1904257685,1,8.98719682066,8.57395152523,78.7146746166
9000,5956,13.7238175357,1,9.10497985632,8.6921543938,96.7677632272
10000,6637,14.2551508568,1,9.21034037198,8.80041533315,87.4757109145
11000,7310,14.7335857807,1,9.30565055178,8.89699855274,129.691942695
12000,7993,15.2018317603,1,9.39266192877,8.98632143763,194.699768875
13000,8652,15.5997017357,1,9.47270463644,9.06554578707,178.0
14000,9340,16.0280052654,1,9.5468126086,9.14206153122,178.538511252
15000,10007,16.4002712098,1,9.61580548008,9.21104012709,219.462980933
16000,10654,16.7249436811,1,9.68034400122,9.27369068748,246.162547923
17000,11356,17.1204806561,1,9.74096862304,9.33750151759,290.303289682
18000,12034,17.4639808409,1,9.79812703688,9.39549125578,335.83924726
19000,12742,17.8364716922,1,9.85219425815,9.45265890268,401.920390127
20000,13424,18.1591257622,1,9.90348755254,9.50479942871,415.249322697
21000,14069,18.4222622348,1,9.95227771671,9.55172907438,416.557318985
22000,14755,18.7302375625,1,9.99879773234,9.59933728738,493.821830218
23000,15432,19.0173389907,1,10.0432494949,9.64419855459,506.785950871
24000,16120,19.3091937026,1,10.0858091093,9.68781601606,537.017690584
25000,16807,19.5913432746,1,10.1266311039,9.72955074528,479.508081267
26000,17484,19.8542540509,1,10.165851817,9.76904145598,428.812313256
27000,18179,20.1303051804,1,10.203592145,9.80802236072,395.535080619
28000,18834,20.3557992496,1,10.2399597892,9.84341902607,419.761837236
29000,19449,20.5342011374,1,10.275051109,9.87555093384,452.216762184
30000,20116,20.7635567904,1,10.3089526606,9.90927079729,506.951674225
31000,20798,21.0030963218,1,10.3417424835,9.94261210722,433.797187635
32000,21443,21.2007151059,1,10.3734911818,9.97315353077,401.327796197
33000,22120,21.4257643842,1,10.4042628404,10.0042374556,439.331310061
34000,22822,21.6699177722,1,10.4341158036,10.035480262,455.727989046
35000,23505,21.8910639637,1,10.4631033405,10.0649684435,475.078940809
36000,24185,22.1050918453,1,10.4912742174,10.0934878853,499.26746339
37000,24821,22.275564809,1,10.5186731916,10.119445348,497.646460853
38000,25476,22.4603014728,1,10.5453414387,10.1454921115,480.720292894
39000,26138,22.6481253864,1,10.5713169251,10.1711454732,546.296622724
40000,26790,22.8243647681,1,10.5966347331,10.1957839625,507.105511703
41000,27420,22.9795022844,1,10.6213273457,10.2190279531,532.541078228
42000,28108,23.1804929957,1,10.6454248973,10.2438095123,566.038867923
43000,28772,23.3585882759,1,10.6689553947,10.267157971,603.363903461
44000,29492,23.5787778118,1,10.6919449129,10.2918743191,628.401145766
45000,30150,23.7462245231,1,10.7144177688,10.3139402022,655.771301598
46000,30813,23.9152271496,1,10.7363966755,10.3356919578,641.379762699
47000,31493,24.0948796791,1,10.7579028807,10.3575205779,699.908565457
48000,32198,24.2907537166,1,10.7789562899,10.3796596178,729.547805151
49000,32895,24.4776153224,1,10.7995755771,10.4010759495,717.651726118
50000,33548,24.6293891902,1,10.8197782844,10.4207325281,757.408740377
51000,34223,24.7952658927,1,10.8395809117,10.4406532116,778.267306264
52000,34892,24.9546586493,1,10.8589989976,10.4600128556,781.547183476
53000,35571,25.1190996929,1,10.8780471925,10.4792859781,815.892149735
54000,36217,25.2583999251,1,10.8967393255,10.4972839008,753.299409266
55000,36910,25.4285813243,1,10.9150884642,10.516237796,812.859151391
56000,37593,25.5897221673,1,10.9331069697,10.5345731418,840.647369591
57000,38297,25.7629876933,1,10.9508065468,10.5531268431,893.944069839
58000,38975,25.9166970519,1,10.9681982895,10.5706756939,895.600357302
59000,39645,26.0633436563,1,10.9852927229,10.5877201157,915.346928765
60000,40300,26.198604706,1,11.0020998412,10.6041067479,905.037015818
61000,40992,26.3562797219,1,11.0186291432,10.6211322047,873.329262077
62000,41643,26.4860230119,1,11.034889664,10.6368885662,866.8933037
63000,42323,26.6327675089,1,11.0508900054,10.6530859525,852.368464926
64000,42972,26.7586084317,1,11.0666383623,10.6683040198,852.276950293
65000,43620,26.8826731876,1,11.0821425489,10.6832710398,834.098315548
66000,44246,26.9921954512,1,11.097410021,10.6975202509,796.725799758
67000,44903,27.1196115184,1,11.1124478984,10.7122598866,784.45395021
68000,45536,27.2314918029,1,11.1272629842,10.7262585009,815.416458014
69000,46238,27.3833575499,1,11.1418617836,10.7415572498,717.420378857
70000,46940,27.5335805843,1,11.156250521,10.7566254694,681.601056337
71000,47609,27.663029563,1,11.170435156,10.770777098,688.839603972
72000,48295,27.8010625767,1,11.184421398,10.7850833146,721.110255093
73000,48940,27.9143562849,1,11.1982147201,10.798350337,692.572017916
74000,49610,28.0408820087,1,11.2118203722,10.8119477053,667.994011949
75000,50250,28.149468773,1,11.2252433925,10.8247658259,731.513499534
76000,50849,28.2344771893,1,11.2384886193,10.8366157356,669.856701094
77000,51539,28.3691728942,1,11.2515607008,10.8500940816,613.296013357
78000,52223,28.4993343646,1,11.2644641057,10.8632782899,597.678843527
79000,52874,28.6104637118,1,11.2772031314,10.8756670036,569.971929133
80000,53538,28.7277175418,1,11.2897819137,10.8881469611,512.257747623
81000,54196,28.8408281324,1,11.3022044337,10.900362384,537.687641666
82000,54847,28.9493647444,1,11.3144745262,10.9123027696,489.967345851
83000,55522,29.0696641427,1,11.3265958868,10.9245346176,510.262677452
84000,56168,29.1739125109,1,11.3385720778,10.9361024787,508.271580949
85000,56816,29.2784601154,1,11.3504065355,10.9475732552,516.003875954
86000,57507,29.404259383,1,11.3621025752,10.9596619585,461.254810273
87000,58200,29.5300133399,1,11.3736633976,10.9716406337,432.004629605
88000,58906,29.6612596566,1,11.3850920935,10.983698232,407.259131267
89000,59593,29.781880355,1,11.3963916487,10.9952933965,376.0
90000,60245,29.8841738971,1,11.4075649493,11.0061748604,363.989010823
91000,60954,30.0138426946,1,11.4186147855,11.0178747603,392.657611667
92000,61644,30.1331359472,1,11.429543856,11.0291311803,346.005780299
93000,62292,30.2311138089,1,11.4403547721,11.0395882856,354.992957677
94000,63011,30.3626793859,1,11.4510500613,11.0510645933,346.883265667
95000,63608,30.434775021,1,11.4616321706,11.0604945276,300.059994001
96000,64298,30.5507975223,1,11.4721034704,11.0712838055,302.105941683
97000,64968,30.6565127084,1,11.4824662575,11.08165012,332.487593754
98000,65627,30.756347517,1,11.4927227577,11.0917424756,316.764897045
99000,66260,30.843436262,1,11.5028751291,11.1013416759,353.479843838
100000,66929,30.9466993812,1,11.512925465,11.111387635,300.672579395
101000,67616,31.0575447072,1,11.5228757958,11.1215999204,357.994413364
102000,68345,31.1867725767,1,11.5327280923,11.1323236866,259.976922053
103000,69011,31.2864214814,1,11.5424842672,11.1420211912,284.0
104000,69666,31.3804840321,1,11.5521461781,11.1514676729,213.775583264
105000,70369,31.4954716899,1,11.5617156291,11.1615081043,164.012194669
106000,71040,31.5954060169,1,11.5711943731,11.1709983777,181.218100641
107000,71719,31.6982470372,1,11.5805841134,11.1805109845,226.318359839
108000,72388,31.7960325431,1,11.5898865061,11.1897958188,224.017856431
109000,73085,31.9054428596,1,11.5991031612,11.1993784263,174.642491966
110000,73756,32.0028336922,1,11.6082356448,11.2085176268,146.492320618
111000,74420,32.0966154391,1,11.6172854803,11.2174800019,192.60321908
112000,75086,32.1907094342,1,11.6262541503,11.2263894023,251.920622419
113000,75734,32.276584646,1,11.6351430977,11.2349824799,283.520722347
114000,76451,32.3912445246,1,11.6439537274,11.2444052917,331.879496203
115000,77137,32.4920628652,1,11.6526874073,11.2533383407,368.456238921
116000,77790,32.5784406112,1,11.6613454701,11.2617681672,406.044332555
117000,78465,32.6735263702,1,11.6699292138,11.2704079445,444.67066465
118000,79173,32.7817249838,1,11.6784399034,11.2793906106,402.124358874
119000,79866,32.8830513431,1,11.6868787721,11.2881055093,427.387412075
120000,80534,32.9735251393,1,11.6952470218,11.2964347345,491.080441476
121000,81200,33.0626901607,1,11.7035458246,11.3046705261,472.558991027
122000,81888,33.1602852029,1,11.7117763237,11.313107739,499.807963122
123000,82572,33.255700063,1,11.7199396344,11.321425919,531.010357714
124000,83228,33.339355077,1,11.7280368446,11.3293391087,542.379940632
125000,83885,33.4229923995,1,11.7360690163,11.3372020922,499.139259125
126000,84553,33.5105740612,1,11.7440371859,11.3451338357,536.783010163
127000,85242,33.6059787911,1,11.7519423654,11.3532495491,500.959080165
128000,85910,33.6926111132,1,11.7597855429,11.3610555156,476.944441209
129000,86564,33.7733374698,1,11.7675676833,11.3686393037,499.763944278
130000,87206,33.8490239824,1,11.7752897294,11.3760284149,509.372162569
131000,87846,33.9236080534,1,11.7829526022,11.3833405604,468.059825236
132000,88524,34.0124735763,1,11.7905572016,11.3910289807,428.322308548
133000,89185,34.0943780247,1,11.7981044072,11.398468143,364.313052195
134000,89889,34.1922475022,1,11.8055950789,11.4063308548,372.155881319
135000,90556,34.2755637976,1,11.8130300574,11.4137237229,325.748369144
136000,91221,34.3577232351,1,11.8204101647,11.4210404127,254.97450853
137000,91920,34.4522347218,1,11.8277362048,11.4286739125,235.372045919
138000,92573,34.5290784398,1,11.8350089641,11.4357528014,195.386795869
139000,93236,34.6092956957,1,11.8422292121,11.4428891922,179.888854574
140000,93900,34.6895121667,1,11.8493977016,11.4499856652,127.263506159
141000,94562,34.7686237967,1,11.8565151694,11.457010983,138.520756567
142000,95261,34.8609172934,1,11.8635823366,11.4643757719,105.223571504
143000,95878,34.9228621077,1,11.8705999092,11.4708318289,119.079805173
144000,96474,34.9769956788,1,11.8775685786,11.477028821,99.8599018626
145000,97142,35.056986644,1,11.8844890214,11.4839291045,56.0357029045
146000,97815,35.1384098799,1,11.8913619007,11.4908332185,66.4830805544
147000,98481,35.2169537998,1,11.8981878658,11.4976189152,82.4621125124
148000,99184,35.3083200721,1,11.9049675527,11.5047319899,112.160599142
149000,99792,35.3655556285,1,11.9117015849,11.5108432988,72.8010988928
150000,100467,35.4462718887,1,11.9183905731,11.5175845944,90.68627239
151000,101106,35.5139766764,1,11.9250351158,11.5239247504,162.640708311
152000,101838,35.6139535923,1,11.9316357998,11.5311385944,144.402216049
153000,102476,35.6806683441,1,11.9381932004,11.5373839038,107.424392016
154000,103122,35.7499144244,1,11.9447078814,11.5436680323,88.5663593019
155000,103770,35.8195869942,1,11.9511803959,11.5499321906,137.244307714
156000,104451,35.9003344993,1,11.9576112862,11.5564733409,191.415777824
157000,105153,35.9879078201,1,11.9640010843,11.5631717114,217.706224073
158000,105860,36.0767670921,1,11.970350312,11.5698727454,276.101430637
159000,106559,36.162483983,1,11.9766594812,11.5764541013,306.528954587
160000,107229,36.2380005641,1,11.9829290942,11.5827220134,288.312330642
161000,107898,36.3128666948,1,11.989159644,11.5889416154,232.180963905
162000,108614,36.4031775054,1,11.9953516142,11.5955555916,179.108905418
163000,109318,36.4890490645,1,12.0015054798,11.602016345,178.751223772
164000,109953,36.5515868931,1,12.0076217068,11.6078082807,233.69210513
165000,110633,36.6288174971,1,12.0137007529,11.6139736961,251.077677224
166000,111292,36.6987990451,1,12.0197430673,11.6199126569,304.138126515
167000,111938,36.7642454414,1,12.0257490914,11.6257004256,316.056956892
168000,112608,36.8373138501,1,12.0317192584,11.6316680401,348.969912743
169000,113246,36.8996663389,1,12.0376539939,11.6373177226,400.384814897
170000,113887,36.9627880847,1,12.043553716,11.6429620077,372.343927035
171000,114568,37.038630994,1,12.0494188355,11.6489238122,400.839119847
172000,115235,37.109656302,1,12.0552497558,11.6547288005,400.244925015
173000,115926,37.1881094178,1,12.0610468735,11.6607073355,383.317101106
174000,116612,37.2646370244,1,12.0668105782,11.6666074636,381.931931108
175000,117261,37.3290738514,1,12.0725412529,11.6721574985,425.793377121
176000,117917,37.3955109952,1,12.078239274,11.6777362661,434.824102368
177000,118584,37.4651889241,1,12.0839050116,11.6833768492,458.213923839
178000,119289,37.5465689118,1,12.0895388293,11.6893043993,498.525826813
179000,119961,37.617255401,1,12.0951410848,11.6949219689,571.023642243
180000,120674,37.7004859069,1,12.1007121299,11.7008479738,571.517278829
181000,121356,37.7737101794,1,12.1062523102,11.7064836537,593.043000127
182000,122047,37.8494430105,1,12.1117619661,11.7121614954,593.329588003
183000,122701,37.9134429936,1,12.1172414318,11.7175057806,590.084739677
184000,123372,37.9824624577,1,12.1226910366,11.7229594603,523.622001066
185000,124014,38.0423356271,1,12.1281111041,11.7281497414,470.455098814
186000,124655,38.1017189539,1,12.1335019527,11.7333052005,457.095176085
187000,125321,38.1685358012,1,12.1388638958,11.7386337246,447.303029277
188000,125967,38.2290495709,1,12.1441972418,11.7437752469,411.096095822
189000,126656,38.3023786053,1,12.149502294,11.749230029,335.600953515
190000,127367,38.3820589153,1,12.1547793511,11.7548279619,346.560240074
191000,128016,38.4427986646,1,12.160028707,11.7599105351,384.84282506
192000,128681,38.5081369501,1,12.165250651,11.7650917525,330.315001173
193000,129312,38.5631146577,1,12.1704454679,11.7699833679,328.390012028
194000,130007,38.636963078,1,12.175613438,11.7753435741,333.208643345
195000,130648,38.6945392765,1,12.1807548375,11.7802619628,371.827917188
196000,131284,38.750472363,1,12.1858699382,11.7851181945,309.715998941
197000,131952,38.8156626191,1,12.1909590077,11.7901934991,324.863048068
198000,132633,38.8844455757,1,12.1960223097,11.7953411945,290.33084576
199000,133296,38.9477268168,1,12.2010601037,11.8003274982,274.881792776
200000,133938,39.0046874809,1,12.2060726455,11.8051322853,299.866637024
201000,134564,39.0568413875,1,12.211060187,11.8097952013,284.8227519
202000,135240,39.1233287219,1,12.2160229764,11.8148062568,272.154367961
203000,135911,39.1881489989,1,12.220961258,11.8197555387,267.200299401
204000,136571,39.2495939096,1,12.2258752728,11.8245999049,242.668498162
205000,137250,39.316289819,1,12.2307652581,11.8295593594,279.978570609
206000,137924,39.3813325993,1,12.2356314478,11.8344580878,307.467071408
207000,138563,39.4361997017,1,12.2404740722,11.8390803748,324.863048068
208000,139235,39.5002800524,1,12.2452933587,11.8439184321,399.624824054
209000,139932,39.5712226041,1,12.2500895309,11.8489118693,430.780686661
210000,140634,39.6433238091,1,12.2548628097,11.8539160499,422.984633291
211000,141324,39.7117955035,1,12.2596134125,11.8588104056,471.610008376
212000,141991,39.7735905494,1,12.2643415537,11.8635189543,495.519928964
213000,142694,39.8452463971,1,12.2690474447,11.8684577563,527.370837267
214000,143322,39.8957719856,1,12.273731294,11.8728491261,529.482766481
215000,144009,39.9625490091,1,12.2783933071,11.8776310766,524.976189936
216000,144689,40.0271679124,1,12.2830336867,11.8823418904,544.830248793
217000,145348,40.0857873018,1,12.2876526325,11.886886146,574.905209578
218000,146022,40.1483601435,1,12.2922503418,11.8915125743,562.657977816
219000,146734,40.2211544742,1,12.2968270088,11.8963767028,498.966932772
220000,147398,40.2805751129,1,12.3013828253,11.9008916901,477.866090029
221000,148080,40.3447249672,1,12.3059179805,11.9055079472,497.533918442
222000,148749,40.4051404569,1,12.3104326609,11.9100156007,510.137236437
223000,149406,40.4621257082,1,12.3149270504,11.9144227115,541.294744109
224000,150029,40.5097708292,1,12.3194013308,11.9185838877,562.185022924
225000,150672,40.5626960769,1,12.3238556812,11.9228605677,528.393792545
226000,151327,40.6187069037,1,12.3282902783,11.9271983373,525.600608828
227000,151962,40.6692116568,1,12.3327052965,11.9313857686,579.120022102
228000,152653,40.7345385327,1,12.3371009079,11.9359226508,556.596802003
229000,153289,40.7850241999,1,12.3414772825,11.9400803076,592.800134953
230000,153936,40.8383071016,1,12.3458345879,11.9442922106,587.036625774
231000,154595,40.8946271579,1,12.3501729895,11.9485640731,611.310068623
232000,155304,40.9639809603,1,12.3544926506,11.9531397654,635.04330561
233000,155990,41.0270564308,1,12.3587937325,11.9575471816,658.328185634
234000,156676,41.0899391783,1,12.3630763943,11.9619352577,691.485357763
235000,157385,41.1586455225,1,12.3673407931,11.9664503118,677.997050141
236000,158023,41.2086129216,1,12.371587084,11.970495871,647.610994348
237000,158683,41.2641834629,1,12.3758154201,11.9746637804,611.794083005
238000,159369,41.3263469277,1,12.3800259527,11.9789775471,562.014234695
239000,160049,41.3867730034,1,12.3842188309,11.9832352973,602.332134291
240000,160699,41.4392871565,1,12.3883942023,11.9872883289,618.772979371
241000,161349,41.4916695783,1,12.3925522125,11.9913249998,595.318402202
242000,162015,41.5480242112,1,12.3966930051,11.9954442025,623.647336241
243000,162655,41.5975769216,1,12.4008167223,11.9993866723,642.675656922
244000,163328,41.6554307585,1,12.4049235043,12.0035157278,670.361096723
245000,164051,41.725841477,1,12.4090134895,12.0079326341,717.490069618
246000,164739,41.7871458529,1,12.4130868149,12.0121176823,782.304288624
247000,165438,41.8510543281,1,12.4171436156,12.0163517813,828.540886137
248000,166131,41.9132567864,1,12.4211840251,12.0205319127,866.147793393
249000,166823,41.9750248955,1,12.4252081754,12.0246886491,848.815645473
250000,167456,42.0218073384,1,12.4292161968,12.0284759092,801.341375445
251000,168104,42.0722438797,1,12.4332082181,12.0323381145,832.867336375
252000,168803,42.1352912306,1,12.4371843665,12.0364876335,824.199005095
253000,169472,42.1906840834,1,12.4411447677,12.0404430004,799.172071584
254000,170158,42.2501527415,1,12.445089546,12.0444826962,807.77472107
255000,170861,42.3136650086,1,12.4490188241,12.0486056394,724.720635831
256000,171513,42.3643928404,1,12.4529327235,12.0524143445,698.080224616
257000,172200,42.4236229132,1,12.4568313639,12.056411871,660.681466366
258000,172880,42.480968556,1,12.4607148639,12.0603529912,686.42261035
259000,173538,42.5327678174,1,12.4645833407,12.0641518746,680.532144722
260000,174246,42.5966645758,1,12.46843691,12.0682233728,628.792493594
261000,174920,42.6520834532,1,12.4722756863,12.0720840055,595.892607774
262000,175585,42.7051695663,1,12.4760997827,12.0758785351,633.242449619
263000,176229,42.7530293173,1,12.4799093112,12.0795395646,651.48752866
264000,176827,42.7896525102,1,12.4837043821,12.0829271325,664.680374315
265000,177468,42.8366063223,1,12.487485105,12.08654559,672.309452559
266000,178115,42.8849041349,1,12.4912515878,12.0901846881,663.330988271
267000,178761,42.9328544528,1,12.4950039374,12.0938049971,630.203141852
268000,179468,42.9953130517,1,12.4987422595,12.097752198,620.464342247
269000,180160,43.05400951,1,12.5024666586,12.1016006239,604.119193537
270000,180848,43.1115938897,1,12.506177238,12.1054121784,575.725629098
271000,181528,43.1671230997,1,12.5098740999,12.1091651908,584.219136968
272000,182225,43.2265425281,1,12.5135573453,12.1129974663,568.96397074
273000,182894,43.2791749189,1,12.5172270742,12.116662029,551.82968387
274000,183544,43.3271942981,1,12.5208833854,12.1202096997,604.585808633
275000,184211,43.3791115908,1,12.5245263766,12.1238371187,581.673447907
276000,184911,43.4386569899,1,12.5281561447,12.1276299072,621.153765182
277000,185581,43.4910111145,1,12.5317727852,12.1312467234,580.086200491
278000,186206,43.5327188488,1,12.5353763927,12.1346088667,567.538544947
279000,186905,43.5916106608,1,12.5389670608,12.1383557454,548.984517086
280000,187541,43.635687263,1,12.5425448822,12.1417527672,542.059037375
281000,188193,43.6833916218,1,12.5461099483,12.145223311,572.77220603
282000,188868,43.7363187644,1,12.5496623499,12.1488036373,604.334344548
283000,189532,43.7865767219,1,12.5532021766,12.1523131547,550.363516233
284000,190192,43.835797552,1,12.5567295171,12.1557893672,558.616147278
285000,190813,43.8759404155,1,12.5602444593,12.1590491698,540.769821643
286000,191508,43.9329915285,1,12.5637470898,12.1626848622,497.308757212
287000,192187,43.9862342213,1,12.5672374947,12.1662241354,463.952583784
288000,192848,44.0352381965,1,12.5707157591,12.1696575928,440.876399913
289000,193533,44.0896009046,1,12.5741819671,12.1732033195,434.22574774
290000,194187,44.1367842429,1,12.577636202,12.1765768913,436.467639121
291000,194832,44.1818264156,1,12.5810785462,12.1798929277,373.062997361
292000,195517,44.2358282205,1,12.5845090813,12.1834026111,316.461688045
293000,196220,44.2937620854,1,12.587927888,12.1869917577,311.081982763
294000,196904,44.3472678869,1,12.5913350463,12.1904715793,251.857102342
295000,197569,44.3963756072,1,12.5947306353,12.1938431694,282.708330263
296000,198218,44.4417875116,1,12.5981147333,12.1971227141,276.470613267
297000,198891,44.4924764922,1,12.6014874178,12.2005122149,311.743484294
298000,199529,44.5352380265,1,12.6048487655,12.2037148682,328.955924099
299000,200176,44.5799240387,1,12.6081988524,12.2069522586,349.284983931
300000,200839,44.6280769673,1,12.6115377536,12.210258871,396.186824617
301000,201495,44.6745741354,1,12.6148655437,12.2135198462,407.489877175
302000,202206,44.7331423752,1,12.6181822964,12.2170422587,405.42816873
303000,202906,44.789133054,1,12.6214880845,12.2204980966,449.719912835
304000,203584,44.8401403039,1,12.6247829804,12.2238339751,446.125542869
305000,204270,44.8927899227,1,12.6280670556,12.2271979271,448.793939353
306000,204928,44.9391765304,1,12.6313403809,12.2304139769,485.773609823
307000,205583,44.9848112761,1,12.6346030266,12.2336051243,487.672020932
308000,206230,45.0286072058,1,12.637855062,12.2367473298,499.379615123
309000,206883,45.0736262791,1,12.6410965559,12.2399086951,512.015624762
310000,207572,45.1263824827,1,12.6443275765,12.2432335464,534.692434957
311000,208229,45.1720743189,1,12.6475481912,12.2463937146,529.03686072
312000,208896,45.219838802,1,12.6507584668,12.2495917994,525.513082615
313000,209608,45.2772228623,1,12.6539584695,12.2529943986,574.13587242
314000,210318,45.3340342052,1,12.6571482649,12.25637595,592.422146784
315000,210998,45.3842538125,1,12.6603279178,12.2596039337,588.302643203
316000,211639,45.4259916466,1,12.6634974926,12.262637272,554.378931779
317000,212262,45.4637991144,1,12.6666570529,12.2655766397,580.792561936
318000,212945,45.514372354,1,12.6698066618,12.2687891954,551.089829338
319000,213587,45.5560887314,1,12.6729463818,12.2717995228,558.032257132
320000,214248,45.6017743183,1,12.6760762748,12.2748895015,499.231409268
321000,214912,45.6480057661,1,12.6791964021,12.277983921,515.379471846
322000,215575,45.6939317153,1,12.6823068245,12.2810641558,499.651878812
323000,216260,45.7444190283,1,12.6854076022,12.2842366665,521.359760626
324000,216909,45.7871962243,1,12.6884987948,12.2872331897,535.76860677
325000,217537,45.8254705594,1,12.6915804613,12.29012423,538.713281811
326000,218211,45.8733546194,1,12.6946526603,12.2932177636,569.086988078
327000,218832,45.9100196399,1,12.6977154499,12.2960595911,566.483892092
328000,219533,45.96338007,1,12.7007688874,12.2992578419,620.764045351
329000,220213,46.0122307918,1,12.7038130297,12.3023505388,620.622268373
330000,220870,46.0561820665,1,12.7068479334,12.3053295721,600.203298891
331000,221532,46.1010902824,1,12.7098736544,12.3083223276,556.722552085
332000,222233,46.1540107807,1,12.7128902479,12.31148166,489.538558236
333000,222903,46.2003866147,1,12.715897769,12.3144919782,500.279921644
334000,223576,46.2472899506,1,12.718896272,12.31750668,502.493781056
335000,224256,46.2955433078,1,12.7218858108,12.3205435354,514.781507049
336000,224919,46.3401938216,1,12.7248664389,12.3234956164,518.231608453
337000,225564,46.3810571955,1,12.7278382093,12.3263592114,554.69631331
338000,226241,46.4284165952,1,12.7308011745,12.3293560818,564.669815025
339000,226921,46.4762939731,1,12.7337553864,12.3323572183,576.392227567
340000,227551,46.5138524345,1,12.7367008966,12.3351296681,602.876438418
341000,228219,46.5591054229,1,12.7396377563,12.3380609732,579.396237475
342000,228902,46.6073246747,1,12.742566016,12.3410492433,638.313402648
343000,229590,46.6564606251,1,12.7454857261,12.3440503885,658.388942799
344000,230269,46.7036683586,1,12.7483969364,12.3470034697,581.996563564
345000,230925,46.7461249823,1,12.751299696,12.3498482615,648.919101275
346000,231657,46.8038598217,1,12.754194054,12.3530131084,754.0
347000,232316,46.8467386437,1,12.7570800589,12.3558537928,701.475587601
348000,232986,46.8917530958,1,12.7599577588,12.3587336449,684.105255059
349000,233638,46.9330653304,1,12.7628272012,12.3615281879,734.294218961
350000,234334,46.9831272206,1,12.7656884335,12.3645027271,721.442998441
351000,235036,47.0342843833,1,12.7685415024,12.3674939729,734.653659897
352000,235705,47.0787408391,1,12.7713864546,12.3703363021,682.105563678
353000,236344,47.1171326195,1,12.7742233359,12.3730436498,657.273154784
354000,237047,47.1681982939,1,12.7770521921,12.3760137127,655.029770316
355000,237700,47.2092249187,1,12.7798730685,12.3787646533,608.397896117
356000,238376,47.2547401435,1,12.7826860098,12.381604538,564.984955552
357000,239054,47.3005635256,1,12.7854910608,12.3844447468,588.129237498
358000,239662,47.3324735034,1,12.7882882654,12.3869848764,597.478033069
359000,240319,47.3740060273,1,12.7910776675,12.3897224864,530.0
360000,240996,47.419401285,1,12.7938593104,12.3925356148,490.065301771
361000,241652,47.4605853456,1,12.7966332373,12.3952539537,478.0
362000,242311,47.502286355,1,12.7993994908,12.397977304,466.107283788
363000,243011,47.5519371438,1,12.8021581132,12.4008619888,422.871138765
364000,243687,47.5967981453,1,12.8049091466,12.4036398939,401.920390127
365000,244355,47.6400149843,1,12.8076526326,12.4063773649,362.926989903
366000,245016,47.6817911948,1,12.8103886124,12.4090787935,349.19335618
367000,245726,47.7330127299,1,12.813117127,12.411972373,336.267750461
368000,246393,47.7757892582,1,12.8158382172,12.4146831011,323.109888428
369000,247053,47.8171343674,1,12.818551923,12.4173581675,282.41812973
370000,247694,47.8547373172,1,12.8212582846,12.4199493923,271.646829542
371000,248340,47.8932467061,1,12.8239573416,12.422554054,244.049175373
372000,249007,47.9357376818,1,12.8266491333,12.4252362875,262.068693285
373000,249708,47.984686906,1,12.8293336986,12.4280475142,284.34486104
374000,250361,48.0243304722,1,12.8320110764,12.4306591553,236.008474424
375000,251035,48.0679300694,1,12.834681305,12.4333476506,218.33002542
376000,251693,48.1083924032,1,12.8373444224,12.4359653699,249.070271209
377000,252394,48.1569913204,1,12.8400004664,12.4387466376,191.269443456
378000,253072,48.2011130274,1,12.8426494746,12.4414293122,159.110024826
379000,253737,48.2426824216,1,12.8452914841,12.4440535765,111.085552616
380000,254434,48.2902536577,1,12.8479265317,12.4467967493,148.189068423
381000,255110,48.333753624,1,12.8505546541,12.4494501037,131.209755735
382000,255786,48.3771753759,1,12.8531758876,12.4520964364,101.074230148
383000,256455,48.41919765,1,12.8557902682,12.4547084896,56.1426753905
384000,257152,48.4664242683,1,12.8583978316,12.4574226287,45.6946386352
385000,257797,48.5037763326,1,12.8609986133,12.4599277325,24.4131112315
386000,258355,48.5247312474,1,12.8635926484,12.4620898871,24.3310501212
387000,258878,48.5391236476,1,12.866179972,12.4641121872,12.1655250606
388000,259171,48.5104879945,2,12.8687606186,12.4652433545,8.48528137424
389000,259343,48.459412678,2,12.8713346226,12.4659067889,49.3963561409
390000,259657,48.4350711667,2,12.8739020181,12.4671168083,73.7834669828
391000,260037,48.4231736701,2,12.876462839,12.4685792076,106.920531237
392000,260640,48.452842513,2,12.8790171188,12.4708954238,111.803398875
393000,261312,48.4952857642,2,12.8815648909,12.4734703747,77.2528316633
394000,261967,48.5345052302,2,12.8841061883,12.4759738206,69.9714227381
395000,262593,48.5682977172,2,12.8866410439,12.478360584,103.479466562
396000,263287,48.6146011485,2,12.8891694902,12.4809999709,177.459854615
397000,263969,48.6586055867,2,12.8916915597,12.483586951,163.975607942
398000,264673,48.7065794273,2,12.8942072843,12.4862503807,215.406592285
399000,265329,48.7456424701,2,12.8967166959,12.4887258444,192.416215533
400000,266018,48.7906955951,2,12.8992198261,12.4913192546,221.097263665
401000,266698,48.8340183817,2,12.9017167063,12.4938722111,157.70859203
402000,267383,48.8781786384,2,12.9042073676,12.4964373665,133.296661624
403000,268040,48.9171496794,2,12.9066918409,12.4988915021,95.5196314901
404000,268649,48.9473132169,2,12.9091701569,12.5011609738,123.967737738
405000,269302,48.9854473231,2,12.9116423461,12.5035887054,160.012499512
406000,270007,49.0329653933,2,12.9141084386,12.5062031636,208.585713797
407000,270696,49.0774927324,2,12.9165684644,12.508751699,220.336106891
408000,271384,49.1217590591,2,12.9190224534,12.5112900711,228.0
409000,272038,49.1598022073,2,12.921470435,12.5136970414,248.394846967
410000,272757,49.2095136312,2,12.9239124387,12.5163365679,296.816441593
411000,273417,49.2485012728,2,12.9263484935,12.5187533813,254.699823321
412000,274083,49.28850621,2,12.9287786283,12.5211862592,238.201595293
413000,274734,49.3257531155,2,12.9312028719,12.5235586358,255.538646784
414000,275412,49.3677838018,2,12.9336212528,12.5260234373,218.082553177
415000,276072,49.406521822,2,12.9360337992,12.5284169802,264.801812683
416000,276735,49.4457351618,2,12.9384405392,12.5308156486,276.795953728
417000,277452,49.4945193485,2,12.9408415008,12.5334032242,337.342555869
418000,278130,49.5362647571,2,12.9432367115,12.5358439093,338.496676498
419000,278788,49.5743836012,2,12.9456261989,12.5382069153,350.616599721
420000,279457,49.6143968201,2,12.9480099903,12.5406037136,349.284983931
421000,280128,49.6547000374,2,12.9503881127,12.5430019206,326.098144736
422000,280794,49.6940529923,2,12.952760593,12.5453765834,341.303384103
423000,281451,49.7317533458,2,12.955127458,12.5477136439,374.037431282
424000,282110,49.7697494681,2,12.9574887342,12.5500523448,378.423043696
425000,282795,49.8122673366,2,12.9598444479,12.5524775325,389.101529167
426000,283420,49.8441611088,2,12.9621946253,12.5546851754,418.70753516
427000,284096,49.8849712624,2,12.9645392922,12.5570674882,458.94661999
428000,284788,49.9285198847,2,12.9668784746,12.5595003228,489.350590068
429000,285452,49.9670921547,2,12.9692121979,12.5618291678,496.487663492
430000,286163,50.0138192503,2,12.9715404877,12.5643168575,538.94712171
431000,286832,50.0531324549,2,12.9738633691,12.5666519575,565.154846038
432000,287509,50.0937777934,2,12.9761808672,12.5690094431,588.292444283
433000,288204,50.1374887164,2,12.978493007,12.5714238417,606.636629293
434000,288915,50.1839036501,2,12.9807998131,12.5738878062,578.75037797
435000,289581,50.2224308103,2,12.9831013101,12.5761903296,541.14693014
436000,290255,50.2622841895,2,12.9853975223,12.5785151259,568.242905807
437000,290891,50.2955041969,2,12.9876884741,12.5807039055,616.496553113
438000,291562,50.3347236939,2,12.9899741894,12.5830079551,545.721540715
439000,292253,50.3773296254,2,12.9922546921,12.5853751445,546.421083049
440000,292887,50.4100537399,2,12.9945300059,12.5875421481,570.929067398
441000,293566,50.450469964,2,12.9968001544,12.5898577652,581.260698826
442000,294250,50.4916796194,2,12.9990651611,12.5921850251,577.234787586
443000,294950,50.5355637819,2,13.001325049,12.5945611294,551.452627158
444000,295558,50.5636338779,2,13.0035798414,12.5966203741,535.238264701
445000,296210,50.599192817,2,13.0058295611,12.5988239412,532.563611224
446000,296837,50.6304378257,2,13.008074231,12.6009384456,539.79625786
447000,297492,50.6664147011,2,13.0103138736,12.6031426128,588.747823775
448000,298197,50.7108435167,2,13.0125485114,12.6055096209,632.164535544
449000,298842,50.7450079419,2,13.0147781667,12.6076702846,615.951296776
450000,299474,50.7769226402,2,13.0170028617,12.6097828814,645.340220349
451000,300131,50.8130310522,2,13.0192226185,12.611974325,670.0
452000,300821,50.8546669692,2,13.0214374588,12.6142706825,674.400474496
453000,301483,50.8915088823,2,13.0236474045,12.6164689088,690.498370744
454000,302176,50.9335226948,2,13.025852477,12.6187649081,779.481879199
455000,302865,50.9747948093,2,13.0280526979,12.6210424407,734.980271844
456000,303488,51.0049085901,2,13.0302480885,12.62309735,738.517433782
457000,304132,51.0385129625,2,13.0324386699,12.6252170967,696.103440589
458000,304810,51.0777710505,2,13.0346244631,12.6274439107,753.07635735
459000,305465,51.1131204003,2,13.036805489,12.6295904847,771.097918555
460000,306133,51.150593091,2,13.0389817685,12.631774927,694.564611825
461000,306812,51.1898461697,2,13.041153322,12.6339904611,738.606796611
462000,307479,51.2270400074,2,13.0433201701,12.6361620712,705.322621217
463000,308142,51.2635143819,2,13.0454823331,12.6383159947,701.544011449
464000,308816,51.3017642204,2,13.0476398312,12.6405009093,694.077805437
465000,309483,51.3387958984,2,13.0497926846,12.6426584423,729.857520342
466000,310139,51.3739520225,2,13.0519409131,12.6447758631,735.4155288
467000,310795,51.4090601215,2,13.0540845367,12.6468888098,780.896920214
468000,311491,51.4507273846,2,13.0562235749,12.6491257243,794.735176018
469000,312155,51.4870500478,2,13.0583580474,12.6512551383,839.294942199
470000,312818,51.5231567534,2,13.0604879737,12.6533768308,862.231987344
471000,313468,51.5570747036,2,13.062613373,12.6554525605,890.0
472000,314166,51.5988318235,2,13.0647342646,12.6576767876,905.196111348
473000,314840,51.6365862478,2,13.0668506675,12.6598198523,887.173038364
474000,315510,51.673630422,2,13.0689626007,12.6619456562,866.51947468
475000,316197,51.7134018163,2,13.071070083,12.664120716,818.742938901
476000,316836,51.7452732069,2,13.0731731332,12.6661395688,794.040301244
477000,317497,51.7806940443,2,13.0752717699,12.6682236485,798.8792149
478000,318162,51.8167178884,2,13.0773660115,12.670315966,785.518936755
479000,318802,51.848625743,2,13.0794558764,12.6723254994,783.236873494
480000,319507,51.8910516149,2,13.0815413829,12.6745344618,838.021479438
481000,320177,51.9277332406,2,13.0836225491,12.6766292469,827.432172447
482000,320839,51.9630673778,2,13.085699393,12.6786947187,818.15890877
483000,321531,52.0032055545,2,13.0877719326,12.680849241,806.575476939
484000,322222,52.0431209563,2,13.0898401857,12.682996028,780.896920214
485000,322895,52.0800725329,2,13.0919041699,12.685082472,806.939898629
486000,323590,52.1205152536,2,13.0939639029,12.6872325613,742.463467115
487000,324209,52.1486715434,2,13.0960194021,12.6891436485,761.183289359
488000,324816,52.1748720353,2,13.0980706848,12.6910141471,748.505177003
489000,325487,52.2113158283,2,13.1001177685,12.6930778013,714.212853427
490000,326163,52.2485097257,2,13.1021606701,12.6951525354,666.417286691
491000,326848,52.287090534,2,13.1041994068,12.69725051,679.111183828
492000,327490,52.3187452302,2,13.1062339955,12.6992127992,718.470597867
493000,328151,52.3533934265,2,13.108264453,12.7012291473,775.406989909
494000,328830,52.3908636255,2,13.1102907962,12.7032961789,750.149318469
495000,329531,52.4317808227,2,13.1123130416,12.7054257104,709.706981789
496000,330211,52.4692985412,2,13.1143312057,12.7074871231,720.605301118
497000,330895,52.5073975299,2,13.1163453051,12.7095563835,726.550755281
498000,331561,52.5425890791,2,13.118355356,12.7115670837,706.555022627
499000,332235,52.5789995478,2,13.1203613747,12.7135978288,660.524034385
500000,332945,52.6210493488,2,13.1223633774,12.7157325902,632.256277153
501000,333603,52.6548262859,2,13.1243613801,12.7177069422,604.268152396
502000,334289,52.6929734941,2,13.1263553987,12.7197611673,603.009120992
503000,334932,52.724296876,2,13.1283454491,12.7216828051,654.003058097
504000,335611,52.7612430624,2,13.1303315471,12.7237080302,658.634952003
505000,336290,52.7981376613,2,13.1323137083,12.7257291619,715.287354844
506000,336955,52.8327857248,2,13.1342919483,12.7277046693,762.167960492
507000,337635,52.8697371623,2,13.1362662826,12.7297207093,785.124193997
508000,338325,52.9082009537,2,13.1382367266,12.7317622509,786.203535988
509000,338986,52.942080194,2,13.1402032955,12.7337140876,795.016980951
510000,339614,52.970768963,2,13.1421660047,12.7355649575,809.506022214
511000,340299,53.0083068428,2,13.1441248692,12.7375799219,853.2877592
512000,340965,53.0428361162,2,13.146079904,12.7395351117,884.807323659
513000,341641,53.0788740705,2,13.1480311242,12.7415157571,897.367260379
514000,342313,53.1142425221,2,13.1499785444,12.7434808022,929.518154745
515000,343014,53.1540577869,2,13.1519221796,12.7455265416,984.296703235
516000,343681,53.1885526203,2,13.1538620445,12.7474691805,979.748947435
517000,344359,53.2247028814,2,13.1557981535,12.7494399968,1009.49492322
518000,345021,53.2583343554,2,13.1577305212,12.7513605637,1025.91227695
519000,345669,53.2897650609,2,13.1596591621,12.7532369488,1032.2809695
520000,346331,53.3233144972,2,13.1615840906,12.7551502441,1034.85844443
521000,347020,53.3609734883,2,13.1635053207,12.7571376942,1018.96025438
522000,347680,53.3941261802,2,13.1654228669,12.7590377955,983.910565041
523000,348359,53.4301518818,2,13.167336743,12.7609888362,924.865395612
524000,349002,53.4606146114,2,13.1692469633,12.7628329318,909.188649291
525000,349702,53.4997633214,2,13.1711535416,12.7648366422,911.431840567
526000,350392,53.5373278138,2,13.1730564917,12.7668078067,935.386551111
527000,351057,53.5710251026,2,13.1749558275,12.7687038824,944.110163064
528000,351739,53.6072708983,2,13.1768515627,12.7706447023,989.209785637
529000,352408,53.6414891056,2,13.1787437108,12.7725448743,999.089585573
530000,353098,53.6788561275,2,13.1806322855,12.7745009178,1034.69802358
531000,353751,53.7105538402,2,13.1825173002,12.7763485548,996.371416692
532000,354429,53.7460053048,2,13.1843987683,12.7782633228,968.3491106
533000,355126,53.7842876858,2,13.1862767031,12.7802279351,912.495479441
534000,355758,53.8126843375,2,13.1881511179,12.7820060034,894.641827772
535000,356391,53.8412030756,2,13.1900220259,12.7837837217,885.629719465
536000,357038,53.8718049158,2,13.1918894401,12.7855974977,820.599780648
537000,357691,53.903276473,2,13.1937533735,12.7874247642,869.733292452
538000,358366,53.9380226547,2,13.1956138391,12.7893100895,857.554662981
539000,359006,53.9674627634,2,13.1974708499,12.7910943804,903.150042905
540000,359676,54.0013754763,2,13.1993244185,12.7929589052,876.47703906
541000,360359,54.0371949966,2,13.2011745578,12.7948560358,817.364055975
542000,360976,54.0630824929,2,13.2030212804,12.7965667531,790.101259333
543000,361596,54.0893959334,2,13.2048645989,12.7982828455,847.030105722
544000,362240,54.1192711449,2,13.2067045258,12.8000622546,817.765247489
545000,362912,54.1532918811,2,13.2085410736,12.8019156596,872.852794004
546000,363612,54.1914429125,2,13.2103742547,12.803842644,904.400353826
547000,364287,54.2258198055,2,13.2122040814,12.8056972975,934.898925018
548000,364965,54.2605991883,2,13.2140305659,12.8075567376,964.251004666
549000,365595,54.2882064419,2,13.2158537205,12.8092814423,943.020678458
550000,366268,54.3221640951,2,13.2176735572,12.8111205849,923.320096175
551000,366927,54.3540054609,2,13.2194900881,12.8129181972,960.426988375
552000,367642,54.3940949694,2,13.2213033253,12.8148649176,947.561079825
553000,368309,54.4270340917,2,13.2231132805,12.8166775387,949.045836617
554000,368992,54.4622948938,2,13.2249199657,12.8185302426,971.853898485
555000,369686,54.4991318789,2,13.2267233927,12.8204092757,958.008350694
556000,370314,54.5262016317,2,13.2285235732,12.8221065734,1023.71285036
557000,370999,54.5616284505,2,13.2303205189,12.8239546462,1043.24302059
558000,371665,54.5942186113,2,13.2321142414,12.8257481899,1048.56854807
559000,372344,54.6286771535,2,13.2339047521,12.8275734371,1074.45428009
560000,373007,54.6607476926,2,13.2356920627,12.8293524652,1096.35760589
561000,373682,54.6945369923,2,13.2374761845,12.8311604473,1066.80269966
562000,374341,54.72594551,2,13.2392571289,12.8329224257,1056.30677362
563000,374976,54.7538135337,2,13.2410349071,12.8346173029,1048.84889283
564000,375618,54.7826748536,2,13.2428095305,12.8363279485,1074.83580141
565000,376321,54.8203923444,2,13.2445810101,12.8381977816,1044.44052009
566000,377012,54.856312951,2,13.2463493572,12.8400322962,1076.62621183
567000,377670,54.8873910415,2,13.2481145827,12.8417760774,1111.66181908
568000,378356,54.9224984808,2,13.2498766977,12.8435908303,1125.71754894
569000,379031,54.9559664334,2,13.2516357131,12.8453732749,1124.9479988
570000,379720,54.9914211647,2,13.2533916398,12.847189418,1155.39949801
571000,380385,55.0233589239,2,13.2551444886,12.8489391767,1111.98561142
572000,381055,55.055982011,2,13.2568942704,12.8506990006,1094.15355412
573000,381748,55.091885676,2,13.2586409957,12.852515984,1144.14159963
574000,382407,55.122842077,2,13.2603846753,12.8542407654,1144.43697948
575000,383058,55.1526118962,2,13.2621253198,12.8559416927,1160.88931428
576000,383742,55.1870955671,2,13.2638629397,12.8577257308,1204.81699855
577000,384391,55.2165087347,2,13.2655975455,12.8594155427,1191.33202761
578000,385116,55.2567953229,2,13.2673291477,12.8612998666,1219.055372
579000,385791,55.2898599539,2,13.2690577566,12.863051051,1257.83464732
580000,386484,55.3254617952,2,13.2707833825,12.864845749,1310.91723614
581000,387124,55.353440058,2,13.2725060358,12.8665003341,1272.51719045
582000,387767,55.3818190025,2,13.2742257267,12.8681599228,1309.64728076
583000,388468,55.4184434682,2,13.2759424653,12.8699660773,1365.85211498
584000,389109,55.4464706412,2,13.2776562618,12.871614789,1308.06880553
585000,389780,55.4787399384,2,13.2793671262,12.8733377564,1310.128238
586000,390463,55.5126777572,2,13.2810750686,12.8750884935,1278.82758807
587000,391177,55.5509765757,2,13.2827800988,12.876915422,1251.65011085
588000,391852,55.5836921252,2,13.2844822269,12.8786394965,1239.29818849
589000,392543,55.6186362122,2,13.2861814626,12.8804013643,1312.91583889
590000,393140,55.6402332024,2,13.2878778159,12.8819210615,1323.20217654
591000,393822,55.6738331597,2,13.2895712964,12.8836543095,1303.48609505
592000,394468,55.7023092117,2,13.2912619139,12.8852933006,1320.57260308
593000,395165,55.7379499715,2,13.292949678,12.8870586782,1360.84973454
594000,395824,55.768191938,2,13.2946345983,12.888724947,1338.2271855
595000,396512,55.8024823991,2,13.2963166845,12.8904615844,1301.3838788
596000,397172,55.832794913,2,13.297995946,12.8921247152,1349.6606981
597000,397798,55.8583002902,2,13.2996723924,12.8936996177,1294.0989143
598000,398445,55.8867290146,2,13.3013460329,12.8953247501,1285.86313424
599000,399132,55.9207332994,2,13.3030168771,12.8970474682,1260.41421763
600000,399800,55.9520374664,2,13.3046849342,12.898719701,1325.24563761
601000,400447,55.980370905,2,13.3063502135,12.9003367022,1345.04275025
602000,401107,56.010491226,2,13.3080127243,12.9019835036,1337.95366138
603000,401811,56.0467165177,2,13.3096724757,12.9037371078,1374.67523437
604000,402489,56.079273345,2,13.3113294769,12.9054230463,1372.1370194
605000,403121,56.1053902844,2,13.312983737,12.906992044,1403.48851082
606000,403833,56.142605654,2,13.3146352651,12.9087567051,1475.95257376
607000,404468,56.1690800034,2,13.31628407,12.9103279023,1412.51831847
608000,405134,56.1998303499,2,13.3179301609,12.9119731556,1470.8800087
609000,405787,56.2287456592,2,13.3195735467,12.9135836704,1445.37054073
610000,406451,56.259153908,2,13.3212142361,12.9152186595,1408.58226597
611000,407081,56.2848282841,2,13.3228522382,12.9167674618,1441.83910337
612000,407736,56.3139329599,2,13.3244875615,12.9183751851,1483.62394157
613000,408391,56.3430076229,2,13.3261202149,12.9199803278,1494.84045971
614000,409058,56.3737061118,2,13.3277502071,12.9216122343,1546.13970908
615000,409720,56.4036828337,2,13.3293775468,12.9232292786,1568.06760058
616000,410397,56.4356904134,2,13.3310022425,12.9248802629,1543.46363741
617000,411062,56.4660133572,2,13.3326243029,12.9264993337,1517.75228545
618000,411741,56.4982247708,2,13.3342437364,12.9281497899,1485.5894453
619000,412377,56.5245055411,2,13.3358605517,12.9296932585,1515.91292626
620000,413066,56.5580193572,2,13.337474757,12.9313626655,1524.10629551
621000,413741,56.5895789316,2,13.3390863609,12.9329954532,1479.72429864
622000,414321,56.6081236191,2,13.3406953717,12.9343963147,1480.83354905
623000,414962,56.6349864637,2,13.3423017978,12.9359422288,1491.6541154
624000,415598,56.6611425429,2,13.3439056474,12.9374737259,1443.88919242
625000,416281,56.6936760227,2,13.3455069287,12.939115792,1428.27028254
626000,416953,56.724675836,2,13.3471056501,12.9407287846,1418.40755779
627000,417685,56.7637958341,2,13.3487018196,12.9424828389,1351.37263551
628000,418371,56.7966199226,2,13.3502954455,12.9441238777,1413.4694903
629000,419088,56.8336103035,2,13.3518865357,12.9458362007,1470.94119529
630000,419754,56.8636452717,2,13.3534750984,12.9474241044,1425.07403316
631000,420373,56.8872881875,2,13.3550611415,12.9488976914,1479.07268246
632000,421004,56.9125350677,2,13.3566446731,12.9503976138,1421.03061192
633000,421702,56.9468080355,2,13.3582257011,12.9520541824,1435.80082184
634000,422382,56.978612216,2,13.3598042334,12.9536653968,1490.76087955
635000,423013,57.0037779279,2,13.3613802779,12.9551581904,1484.98754204
636000,423687,57.0347106478,2,13.3629538423,12.9567502541,1486.85170747
637000,424306,57.0582137587,2,13.3645249346,12.958210172,1494.98628756
638000,424954,57.085594575,2,13.3660935623,12.9597362068,1512.847646
639000,425594,57.111875771,2,13.3676597334,12.9612411192,1487.70964909
640000,426230,57.137596979,2,13.3692234553,12.9627343857,1519.3274828
641000,426891,57.1666434295,2,13.3707847359,12.9642839903,1550.94809713
642000,427536,57.1935199681,2,13.3723435827,12.9657937743,1549.92903063
643000,428211,57.2243805858,2,13.3739000032,12.9673713437,1509.27002223
644000,428889,57.2556084472,2,13.3754540051,12.9689534232,1553.45421561
